{
  "daily-notes": [
    {
      "modifiers": [
        "Alt"
      ],
      "key": "d"
    }
  ],
  "random-note": [
    {
      "modifiers": [
        "Alt"
      ],
      "key": "q"
    }
  ],
  "app:toggle-left-sidebar": [
    {
      "modifiers": [
        "Alt",
        "Mod"
      ],
      "key": "ArrowLeft"
    }
  ],
  "app:toggle-right-sidebar": [
    {
      "modifiers": [
        "Alt",
        "Mod"
      ],
      "key": "ArrowRight"
    }
  ],
  "app:go-back": [
    {
      "modifiers": [
        "Alt"
      ],
      "key": "["
    },
    {
      "modifiers": [
        "Alt"
      ],
      "key": "“"
    }
  ],
  "app:go-forward": [
    {
      "modifiers": [
        "Alt"
      ],
      "key": "]"
    },
    {
      "modifiers": [
        "Alt"
      ],
      "key": "‘"
    }
  ],
  "markdown:toggle-preview": [
    {
      "modifiers": [
        "Mod"
      ],
      "key": "E"
    }
  ],
  "app:delete-file": [
    {
      "modifiers": [
        "Alt"
      ],
      "key": "Delete"
    }
  ],
  "editor:delete-paragraph": [],
  "workspace:split-vertical": [
    {
      "modifiers": [
        "Alt"
      ],
      "key": "ß"
    }
  ],
  "starred:star-current-file": [
    {
      "modifiers": [
        "Alt"
      ],
      "key": "8"
    }
  ],
  "insert-current-date": [
    {
      "modifiers": [
        "Mod"
      ],
      "key": "D"
    }
  ],
  "insert-template": [],
  "insert-current-time": [
    {
      "modifiers": [
        "Mod"
      ],
      "key": "T"
    }
  ],
  "editor:insert-wikilink": [
    {
      "modifiers": [
        "Mod",
        "Shift"
      ],
      "key": "K"
    }
  ],
  "templater-obsidian:create-new-note-from-template": [
    {
      "modifiers": [
        "Alt",
        "Mod"
      ],
      "key": "N"
    }
  ],
  "templater-obsidian:insert-templater": [
    {
      "modifiers": [
        "Alt",
        "Mod"
      ],
      "key": "I"
    }
  ],
  "templater-obsidian:replace-in-file-templater": [
    {
      "modifiers": [
        "Mod"
      ],
      "key": "R"
    }
  ],
  "workspace:new-tab": [],
  "templater-obsidian:templates/other-outlinks.md": [
    {
      "modifiers": [
        "Alt",
        "Mod"
      ],
      "key": "O"
    }
  ],
  "templater-obsidian:templates/definition.md": [
    {
      "modifiers": [
        "Alt",
        "Mod"
      ],
      "key": "D"
    }
  ],
  "templater-obsidian:templates/counterexample.md": [
    {
      "modifiers": [
        "Alt",
        "Mod"
      ],
      "key": "X"
    }
  ],
  "templater-obsidian:templates/statement.md": [
    {
      "modifiers": [
        "Alt",
        "Mod"
      ],
      "key": "S"
    }
  ],
  "templater-obsidian:templates/post.md": [
    {
      "modifiers": [
        "Mod"
      ],
      "key": "Q"
    }
  ],
  "file-explorer:open": []
}