{
  "main": {
    "id": "30035ea460db8728",
    "type": "split",
    "children": [
      {
        "id": "220da8626c9b95bf",
        "type": "tabs",
        "children": [
          {
            "id": "5d96a6087926eed4",
            "type": "leaf",
            "state": {
              "type": "markdown",
              "state": {
                "file": "Caribbean Islands.md",
                "mode": "source",
                "source": false
              }
            }
          }
        ]
      }
    ],
    "direction": "vertical"
  },
  "left": {
    "id": "67593459982fae9c",
    "type": "split",
    "children": [
      {
        "id": "b18e4983f948a3dd",
        "type": "tabs",
        "children": [
          {
            "id": "6be994fd9215ccd1",
            "type": "leaf",
            "state": {
              "type": "file-explorer",
              "state": {
                "sortOrder": "alphabetical"
              }
            }
          },
          {
            "id": "d4b616fdd1e2f136",
            "type": "leaf",
            "state": {
              "type": "search",
              "state": {
                "query": "",
                "matchingCase": false,
                "explainSearch": false,
                "collapseAll": false,
                "extraContext": false,
                "sortOrder": "alphabetical"
              }
            }
          },
          {
            "id": "749e1e76e48520ad",
            "type": "leaf",
            "state": {
              "type": "bookmarks",
              "state": {}
            }
          }
        ]
      }
    ],
    "direction": "horizontal",
    "width": 300
  },
  "right": {
    "id": "166c5652ad7e808f",
    "type": "split",
    "children": [
      {
        "id": "f2b17b219ff5c370",
        "type": "tabs",
        "children": [
          {
            "id": "4ee95d6c35d6f298",
            "type": "leaf",
            "state": {
              "type": "backlink",
              "state": {
                "file": "Caribbean Islands.md",
                "collapseAll": false,
                "extraContext": false,
                "sortOrder": "alphabetical",
                "showSearch": false,
                "searchQuery": "",
                "backlinkCollapsed": false,
                "unlinkedCollapsed": true
              }
            }
          },
          {
            "id": "edea35c44e7cb188",
            "type": "leaf",
            "state": {
              "type": "outgoing-link",
              "state": {
                "file": "Caribbean Islands.md",
                "linksCollapsed": false,
                "unlinkedCollapsed": true
              }
            }
          },
          {
            "id": "99b730d511c70688",
            "type": "leaf",
            "state": {
              "type": "tag",
              "state": {
                "sortOrder": "frequency",
                "useHierarchy": true
              }
            }
          },
          {
            "id": "6a47c0390c3a67bc",
            "type": "leaf",
            "state": {
              "type": "outline",
              "state": {
                "file": "Caribbean Islands.md"
              }
            }
          },
          {
            "id": "ae470dc09ee76da8",
            "type": "leaf",
            "state": {
              "type": "calendar",
              "state": {}
            }
          }
        ]
      }
    ],
    "direction": "horizontal",
    "width": 300,
    "collapsed": true
  },
  "left-ribbon": {
    "hiddenItems": {
      "switcher:Open quick switcher": false,
      "graph:Open graph view": false,
      "canvas:Create new canvas": false,
      "daily-notes:Open today's daily note": false,
      "templates:Insert template": false,
      "command-palette:Open command palette": false,
      "templater-obsidian:Templater": false
    }
  },
  "active": "5d96a6087926eed4",
  "lastOpenFiles": [
    "Territory.md",
    "Caribbean Islands.md",
    "Country.md",
    "images/caribbean-islands.webp",
    "images/caribbean-islands.webp.crdownload",
    "images",
    "Geography.md",
    "Home Page.md",
    "README.md",
    "templates/post.md",
    "templates/exclude-post.md",
    "test.md",
    "template-scripts/title.js",
    "template-scripts/other_outlinks.js",
    "template-scripts",
    "templates/counterexample.md",
    "templates/tikz.md",
    "templates/statement.md",
    "templates/other-outlinks.md",
    "templates/definition.md",
    "templates",
    "LICENSE.txt"
  ]
}